time,cpu%,mem%,down,Label
1,100.0,90.7,0.021484375,mining
2,100.0,90.7,0.005859375,mining
3,100.0,90.6,0.030664063,mining
4,100.0,90.6,0.0,mining
5,100.0,90.4,0.018945313,mining
6,100.0,90.5,0.01171875,mining
7,100.0,90.5,0.0,mining
8,100.0,90.8,0.0,mining
9,100.0,90.9,0.0,mining
10,100.0,91.0,0.0,mining
11,100.0,90.9,0.011328125,mining
12,100.0,90.9,0.059960938,mining
13,100.0,90.5,0.118164063,mining
14,100.0,90.5,0.073632813,mining
15,100.0,90.5,0.061523438,mining
16,100.0,90.7,0.166210938,mining
17,100.0,90.7,0.01171875,mining
18,100.0,90.7,0.01953125,mining
19,100.0,90.8,0.005859375,mining
20,100.0,90.8,0.1125,mining
21,100.0,90.9,0.461132813,mining
22,100.0,90.9,0.68125,mining
23,100.0,90.6,16.02548828,mining
24,100.0,89.9,14.60703125,mining
25,100.0,89.8,0.0,mining
26,100.0,89.8,0.047265625,mining
27,100.0,89.9,0.005859375,mining
28,100.0,89.9,0.005859375,mining
29,100.0,90.1,0.0,mining
30,100.0,89.6,0.0,mining
31,100.0,89.4,0.030664063,mining
32,100.0,89.4,0.133203125,mining
33,100.0,89.5,0.0,mining
34,100.0,89.6,0.0,mining
35,100.0,89.7,0.0,mining
36,100.0,89.8,0.0,mining
37,100.0,89.9,0.0,mining
38,100.0,90.0,0.005859375,mining
39,100.0,90.1,0.0,mining
40,100.0,90.1,0.005859375,mining
41,100.0,90.2,0.0,mining
42,100.0,90.2,0.0,mining
43,100.0,90.2,0.005859375,mining
44,100.0,90.2,0.041992188,mining
45,100.0,90.2,0.0,mining
46,100.0,90.2,0.005859375,mining
47,100.0,90.1,0.01171875,mining
48,100.0,89.9,0.017675781,mining
49,100.0,89.9,0.009765625,mining
50,100.0,90.0,0.0,mining
51,100.0,89.7,0.01171875,mining
52,100.0,89.8,0.0,mining
53,100.0,89.9,0.0,mining
54,100.0,89.1,0.005859375,mining
55,100.0,89.1,0.177734375,mining
56,100.0,89.1,1.127050781,mining
57,100.0,89.1,0.162011719,mining
58,100.0,89.2,0.223828125,mining
59,100.0,89.2,0.08046875,mining
60,100.0,89.2,0.640136719,mining
61,100.0,89.3,0.108691406,mining
62,100.0,89.3,0.0,mining
63,100.0,89.3,0.01171875,mining
64,100.0,89.3,0.04765625,mining
65,100.0,89.4,0.030078125,mining
66,100.0,89.4,0.054296875,mining
67,100.0,89.4,0.005859375,mining
68,100.0,89.4,0.01171875,mining
69,100.0,89.5,0.0,mining
70,100.0,89.5,0.0,mining
71,100.0,89.5,0.0,mining
72,100.0,89.7,0.005859375,mining
73,100.0,89.8,0.0,mining
74,100.0,89.8,0.064453125,mining
75,100.0,89.8,0.005859375,mining
76,100.0,89.9,0.0,mining
77,100.0,89.9,0.0234375,mining
78,100.0,90.0,6.723535156,mining
79,100.0,90.0,6.359570313,mining
80,100.0,90.1,3.322851563,mining
81,100.0,90.1,0.326660156,mining
82,100.0,90.0,1.588378906,mining
83,100.0,90.0,5.374609375,mining
84,100.0,89.8,0.027539063,mining
85,100.0,89.7,0.0,mining
86,100.0,89.7,3.467578125,mining
87,100.0,89.7,0.041015625,mining
88,100.0,89.8,10.74443359,mining
89,100.0,89.8,31.76875,mining
90,100.0,89.7,8.489746094,mining
91,100.0,89.8,6.244433594,mining
92,100.0,89.9,0.11015625,mining
93,100.0,90.1,2.1828125,mining
94,100.0,90.2,2.172460938,mining
95,100.0,90.1,2.287109375,mining
96,100.0,90.1,0.258496094,mining
97,100.0,90.1,1.997851563,mining
98,100.0,90.1,10.78251953,mining
99,100.0,90.0,39.42177734,mining
100,100.0,90.1,0.06171875,mining
101,100.0,90.1,0.05,mining
102,100.0,90.0,0.105175781,mining
103,100.0,89.6,0.0,mining
104,100.0,89.6,0.0,mining
105,100.0,89.7,0.0296875,mining
106,100.0,89.7,0.084960938,mining
107,100.0,89.8,0.179003906,mining
108,100.0,90.0,0.01171875,mining
109,100.0,90.0,0.0,mining
110,100.0,90.0,0.005859375,mining
111,100.0,90.1,0.034765625,mining
112,100.0,90.1,4.51015625,mining
113,100.0,90.1,3.71171875,mining
114,100.0,89.8,0.005859375,mining
115,100.0,89.8,0.0,mining
116,100.0,90.0,0.01171875,mining
117,100.0,90.0,4.44296875,mining
118,100.0,90.1,0.212109375,mining
119,100.0,90.2,2.262207031,mining
120,100.0,90.0,22.38583984,mining
121,100.0,90.1,6.227636719,mining
122,100.0,90.2,12.92441406,mining
123,100.0,90.2,29.53925781,mining
124,100.0,90.2,19.11816406,mining
125,100.0,90.1,28.45722656,mining
126,100.0,90.1,35.71152344,mining
127,100.0,90.1,30.61933594,mining
128,100.0,90.1,27.16074219,mining
129,100.0,89.9,69.3359375,mining
130,100.0,89.6,12.5984375,mining
131,100.0,89.7,0.017578125,mining
132,100.0,89.5,0.150390625,mining
133,100.0,89.6,0.0,mining
134,100.0,89.7,0.0,mining
135,100.0,89.7,0.017578125,mining
136,100.0,89.8,0.076171875,mining
137,100.0,89.8,0.351757813,mining
138,100.0,89.9,0.008984375,mining
139,100.0,89.9,0.0,mining
140,100.0,90.0,0.005859375,mining
141,100.0,90.1,0.320410156,mining
142,100.0,90.1,0.0,mining
143,100.0,90.1,0.005859375,mining
144,100.0,90.1,0.029296875,mining
145,100.0,90.2,0.0515625,mining
146,100.0,90.1,0.372460938,mining
147,100.0,90.0,0.069921875,mining
148,100.0,90.1,0.154492188,mining
149,100.0,90.1,0.030957031,mining
150,100.0,90.1,2.445898438,mining
151,100.0,90.2,0.985644531,mining
152,100.0,90.2,0.053710938,mining
153,100.0,90.4,0.083691406,mining
154,100.0,90.1,0.242089844,mining
155,100.0,90.3,0.207128906,mining
156,100.0,90.2,0.01171875,mining
157,100.0,89.6,0.104101563,mining
158,100.0,89.7,0.005859375,mining
159,100.0,89.7,0.015625,mining
160,100.0,89.7,0.0,mining
161,100.0,89.8,0.017578125,mining
162,100.0,89.8,0.206152344,mining
163,100.0,89.9,0.032421875,mining
164,100.0,90.1,0.005859375,mining
165,100.0,89.9,0.0,mining
166,100.0,89.9,0.017578125,mining
167,100.0,90.0,0.037890625,mining
168,100.0,90.1,0.114941406,mining
169,100.0,90.2,0.089550781,mining
170,100.0,90.3,1.836621094,mining
171,100.0,90.2,3.94765625,mining
172,100.0,90.3,19.57294922,mining
173,100.0,90.3,22.98623047,mining
174,100.0,90.4,0.005859375,mining
175,100.0,90.4,0.331542969,mining
176,100.0,90.6,0.030078125,mining
177,100.0,90.6,0.0234375,mining
178,100.0,90.7,0.053125,mining
179,100.0,90.8,0.084765625,mining
180,100.0,90.3,0.828710938,mining
181,100.0,89.9,0.0,mining
182,100.0,90.0,4.627441406,mining
183,100.0,90.0,39.73984375,mining
184,100.0,90.1,18.34316406,mining
185,100.0,90.2,0.0,mining
186,100.0,90.3,0.01171875,mining
187,100.0,90.4,0.092480469,mining
188,100.0,90.4,0.163769531,mining
189,100.0,90.3,0.115625,mining
190,100.0,89.9,0.1796875,mining
191,100.0,90.0,0.0,mining
192,100.0,90.0,0.063476563,mining
193,100.0,90.1,17.17128906,mining
194,100.0,90.1,5.11953125,mining
195,100.0,90.2,0.01171875,mining
196,100.0,90.2,0.0,mining
197,100.0,90.3,0.150976563,mining
198,100.0,90.3,0.040234375,mining
199,100.0,90.3,0.0,mining
200,100.0,90.4,0.497949219,mining
201,100.0,90.4,1.061914063,mining
202,100.0,90.4,3.886328125,mining
203,100.0,90.4,0.129199219,mining
204,100.0,90.4,0.252832031,mining
205,100.0,90.4,0.005859375,mining
206,100.0,90.5,0.097460938,mining
207,100.0,90.6,0.228710938,mining
208,100.0,90.5,0.064355469,mining
209,100.0,90.4,0.045800781,mining
210,100.0,90.8,0.005859375,mining
211,100.0,90.8,0.009765625,mining
212,100.0,90.8,0.0,mining
213,100.0,90.5,0.091601563,mining
214,100.0,90.4,0.0,mining
215,100.0,90.3,0.028808594,mining
216,100.0,90.3,0.144824219,mining
217,100.0,90.3,0.005859375,mining
218,100.0,90.4,0.0,mining
219,100.0,90.4,0.0,mining
220,100.0,90.5,0.029296875,mining
221,100.0,90.4,0.03515625,mining
222,100.0,90.3,0.140234375,mining
223,100.0,90.3,0.041015625,mining
224,100.0,90.3,0.012695313,mining
225,100.0,90.3,0.359863281,mining
226,100.0,90.4,0.115039063,mining
227,100.0,90.5,0.101074219,mining
228,100.0,90.6,0.090820313,mining
229,100.0,90.6,0.831835938,mining
230,100.0,90.6,0.356542969,mining
231,100.0,90.6,17.84423828,mining
232,100.0,90.4,22.53535156,mining
233,100.0,90.4,0.048828125,mining
234,100.0,90.4,0.389453125,mining
235,100.0,90.5,0.030078125,mining
236,100.0,90.6,0.181445313,mining
237,100.0,90.6,0.041015625,mining
238,100.0,90.7,0.029882813,mining
239,100.0,89.8,0.0,mining
240,100.0,89.9,0.0,mining
241,100.0,89.9,0.0,mining
242,100.0,89.9,0.0,mining
243,100.0,90.0,0.014160156,mining
244,100.0,89.8,0.0,mining
245,100.0,89.9,0.01171875,mining
246,100.0,90.0,0.541699219,mining
247,100.0,90.1,4.355859375,mining
248,100.0,90.2,3.106054688,mining
249,100.0,90.3,0.051953125,mining
250,100.0,90.4,0.0234375,mining
251,100.0,90.5,0.1328125,mining
252,100.0,90.5,0.033203125,mining
253,100.0,90.6,0.065234375,mining
254,100.0,90.5,0.230761719,mining
255,100.0,90.6,0.034179688,mining
256,100.0,90.5,0.564257813,mining
257,100.0,90.5,0.0,mining
258,100.0,90.5,0.0,mining
259,100.0,89.8,0.005859375,mining
260,100.0,89.9,0.041015625,mining
261,100.0,89.9,0.32890625,mining
262,100.0,89.9,0.029882813,mining
263,100.0,90.0,0.017578125,mining
264,100.0,90.0,0.01171875,mining
265,100.0,90.1,0.065234375,mining
266,100.0,90.1,0.053320313,mining
267,100.0,90.1,0.087109375,mining
268,100.0,90.1,0.069042969,mining
269,100.0,90.2,0.0,mining
270,100.0,90.2,0.029296875,mining
271,100.0,90.3,0.021484375,mining
272,100.0,90.3,0.034375,mining
273,100.0,90.3,0.047851563,mining
274,100.0,90.4,0.50234375,mining
275,100.0,90.7,12.29169922,mining
276,100.0,90.7,31.45195313,mining
277,100.0,89.9,46.93769531,mining
278,100.0,90.0,26.02148438,mining
279,100.0,90.2,26.02148438,mining
280,100.0,89.7,18.93066406,mining
281,100.0,89.2,0.017578125,mining
282,100.0,89.3,0.01171875,mining
283,100.0,89.4,0.0,mining
284,100.0,89.5,0.03515625,mining
285,100.0,89.5,0.0,mining
286,100.0,89.6,0.0,mining
287,100.0,89.6,37.32900391,mining
288,100.0,89.2,16.10839844,mining
289,100.0,89.3,0.613183594,mining
290,100.0,89.4,0.0234375,mining
291,100.0,89.0,0.0,mining
292,100.0,88.9,0.050390625,mining
293,100.0,88.9,0.564160156,mining
294,100.0,89.0,0.229492188,mining
295,100.0,89.1,0.009765625,mining
296,100.0,88.7,0.005859375,mining
297,100.0,88.8,0.0,mining
298,100.0,88.9,0.017578125,mining
299,100.0,88.8,0.0234375,mining
1,50.0,33.2,0.0,without
2,33.3,33.2,0.0,without
3,30.0,33.2,0.0,without
4,30.0,33.2,0.0,without
5,33.3,33.2,0.0,without
6,45.5,33.2,0.0,without
7,22.2,33.2,0.0,without
8,40.0,33.2,0.0,without
9,30.0,33.2,0.0,without
10,45.5,33.2,0.0,without
11,40.0,33.2,0.0,without
12,36.4,33.2,0.0,without
13,33.3,33.2,0.0,without
14,40.0,33.2,0.0,without
15,33.3,33.2,0.0,without
16,60.0,33.2,0.0,without
17,57.1,33.2,0.0,without
18,46.2,33.2,0.0,without
19,53.8,33.2,0.0,without
20,45.5,33.2,0.0,without
21,36.4,33.2,0.0,without
22,41.7,33.2,0.0,without
23,58.3,33.2,0.0,without
24,57.1,33.2,0.0,without
25,41.7,33.2,0.0,without
26,50.0,33.2,0.0,without
27,53.8,33.2,0.0,without
28,46.2,33.2,0.0,without
29,40.0,33.2,0.0,without
30,40.0,33.2,0.0,without
31,50.0,33.2,0.0,without
32,50.0,33.2,0.0,without
33,46.2,33.2,0.0,without
34,54.5,33.2,0.0,without
35,30.0,33.2,0.0,without
36,50.0,33.2,0.0,without
37,40.0,33.2,0.0,without
38,33.3,33.2,0.0,without
39,46.2,33.2,0.0,without
40,58.3,33.2,0.0,without
41,45.5,33.2,0.0,without
42,50.0,33.2,0.0,without
43,36.4,33.2,0.0,without
44,33.3,33.2,0.0,without
45,30.0,33.2,0.0,without
46,50.0,33.2,0.0,without
47,50.0,33.2,0.0,without
48,45.5,33.2,0.0,without
49,50.0,33.2,0.0,without
50,50.0,33.2,0.0,without
51,45.5,33.2,0.0,without
52,40.0,33.2,0.0,without
53,46.2,33.2,0.0,without
54,40.0,33.2,0.0,without
55,60.0,33.2,0.0,without
56,33.3,33.2,0.0,without
57,45.5,33.2,0.0,without
58,46.2,33.2,0.0,without
59,33.3,33.2,0.0,without
60,41.7,33.2,0.0,without
61,53.8,33.2,0.0,without
62,50.0,33.2,0.0,without
63,33.3,33.2,0.0,without
64,45.5,33.2,0.0,without
65,33.3,33.2,0.0,without
66,36.4,33.2,0.0,without
67,53.8,33.2,0.0,without
68,40.0,33.2,0.0,without
69,30.0,33.2,0.0,without
70,54.5,33.2,0.0,without
71,30.0,33.2,0.0,without
72,45.5,33.2,0.0,without
73,36.4,33.2,0.0,without
74,33.3,33.2,0.0,without
75,53.8,33.2,0.0,without
76,60.0,33.2,0.0,without
77,45.5,33.2,0.0,without
78,57.1,33.2,0.0,without
79,40.0,33.2,0.0,without
80,41.7,33.2,0.0,without
81,68.8,33.2,0.0,without
82,53.8,33.2,0.0,without
83,53.3,33.2,0.0,without
84,53.8,33.2,0.0,without
85,46.2,33.2,0.0,without
86,38.5,33.2,0.0,without
87,30.0,33.2,0.0,without
88,22.2,33.2,0.0,without
89,50.0,33.2,0.0,without
90,33.3,33.2,0.0,without
91,36.4,33.2,0.0,without
92,40.0,33.2,0.0,without
93,40.0,33.2,0.0,without
94,30.0,33.2,0.0,without
95,50.0,33.2,0.0,without
96,50.0,33.2,0.0,without
97,53.8,33.2,0.0,without
98,41.7,33.3,0.0,without
99,40.0,33.3,0.0,without
100,40.0,33.3,0.0,without
101,33.3,33.3,0.0,without
102,50.0,33.3,0.0,without
103,60.0,33.3,0.0,without
104,25.0,33.3,0.0,without
105,40.0,33.3,0.0,without
106,40.0,33.3,0.0,without
107,30.0,33.3,0.0,without
108,45.5,33.3,0.0,without
109,36.4,33.3,0.0,without
110,40.0,33.3,0.0,without
111,45.5,33.3,0.0,without
112,36.4,33.3,0.0,without
113,40.0,33.3,0.0,without
114,50.0,33.3,0.0,without
115,50.0,33.3,0.0,without
116,36.4,33.3,0.0,without
117,45.5,33.3,0.0,without
118,53.8,33.3,0.0,without
119,33.3,33.3,0.0,without
120,50.0,33.3,0.0,without
121,33.3,33.3,0.0,without
122,30.0,33.3,0.0,without
123,45.5,33.3,0.0,without
124,45.5,33.3,0.0,without
125,30.0,33.3,0.0,without
126,45.5,33.3,0.0,without
127,50.0,33.3,0.0,without
128,50.0,33.3,0.0,without
129,45.5,33.3,0.0,without
130,45.5,33.3,0.0,without
131,41.7,33.3,0.0,without
132,54.5,33.3,0.0,without
133,36.4,33.3,0.0,without
134,33.3,33.3,0.0,without
135,63.6,33.3,0.0,without
136,36.4,33.3,0.0,without
137,33.3,33.3,0.0,without
138,40.0,33.3,0.0,without
139,36.4,33.3,0.0,without
140,46.2,33.3,0.0,without
141,33.3,33.3,0.0,without
142,54.5,33.3,0.0,without
143,50.0,33.3,0.0,without
144,53.8,33.3,0.0,without
145,50.0,33.3,0.0,without
146,41.7,33.3,0.0,without
147,53.8,33.3,0.0,without
148,40.0,33.3,0.0,without
149,45.5,33.3,0.0,without
150,46.2,33.3,0.0,without
151,45.5,33.3,0.0,without
152,36.4,33.3,0.0,without
153,33.3,33.3,0.0,without
154,33.3,33.3,0.0,without
155,22.2,33.3,0.0,without
156,45.5,33.3,0.0,without
157,45.5,33.3,0.0,without
158,45.5,33.3,0.0,without
159,50.0,33.3,0.0,without
160,46.2,33.3,0.0,without
161,30.0,33.3,0.0,without
162,40.0,33.3,0.0,without
163,50.0,33.3,0.0,without
164,45.5,33.3,0.0,without
165,53.8,33.3,0.0,without
166,41.7,33.3,0.0,without
167,40.0,33.3,0.0,without
168,50.0,33.3,0.0,without
169,45.5,33.3,0.0,without
170,46.2,33.3,0.0,without
171,40.0,33.3,0.0,without
172,44.4,33.3,0.0,without
173,33.3,33.3,0.0,without
174,57.1,33.3,0.0,without
175,30.0,33.3,0.0,without
176,40.0,33.3,0.0,without
177,45.5,33.3,0.0,without
178,46.2,33.3,0.0,without
179,45.5,33.3,0.0,without
180,45.5,33.3,0.0,without
181,50.0,33.3,0.0,without
182,30.0,33.3,0.0,without
183,40.0,33.3,0.0,without
184,30.0,33.3,0.0,without
185,71.4,33.3,0.0,without
186,46.2,33.3,0.0,without
187,46.2,33.3,0.0,without
188,50.0,33.3,0.0,without
189,42.9,33.3,0.0,without
190,36.4,33.3,0.0,without
191,20.0,33.3,0.0,without
192,38.5,33.3,0.0,without
193,41.7,33.3,0.0,without
194,27.3,33.3,0.0,without
195,30.0,33.3,0.0,without
196,27.3,33.3,0.0,without
197,36.4,33.3,0.0,without
198,22.2,33.4,0.0,without
199,20.0,33.4,0.0,without
200,33.3,33.4,0.0,without
201,40.0,33.4,0.0,without
202,36.4,33.4,0.0,without
203,36.4,33.4,0.0,without
204,30.0,33.4,0.0,without
205,30.0,33.4,0.0,without
206,41.7,33.4,0.0,without
207,41.7,33.4,0.0,without
208,36.4,33.4,0.0,without
209,30.0,33.4,0.0,without
210,50.0,33.4,0.0,without
211,27.3,33.4,0.0,without
212,36.4,33.4,0.0,without
213,36.4,33.4,0.0,without
214,40.0,33.4,0.0,without
215,64.3,33.4,0.0,without
216,53.8,33.4,0.0,without
217,36.4,33.4,0.0,without
218,33.3,33.4,0.0,without
219,30.0,33.4,0.0,without
220,45.5,33.4,0.0,without
221,58.3,33.4,0.0,without
222,53.3,33.4,0.0,without
223,36.4,33.4,0.0,without
224,22.2,33.4,0.0,without
225,41.7,33.4,0.0,without
226,30.0,33.4,0.0,without
227,33.3,33.4,0.0,without
228,41.7,33.4,0.0,without
229,30.0,33.4,0.0,without
230,33.3,33.4,0.0,without
231,36.4,33.4,0.0,without
232,30.0,33.4,0.0,without
233,30.0,33.4,0.0,without
234,46.2,33.4,0.0,without
235,27.3,33.4,0.0,without
236,41.7,33.4,0.0,without
237,30.0,33.4,0.0,without
238,41.7,33.4,0.0,without
239,30.0,33.4,0.0,without
240,38.5,33.4,0.0,without
241,30.0,33.4,0.0,without
242,30.0,33.4,0.0,without
243,20.0,33.4,0.0,without
244,40.0,33.4,0.0,without
245,41.7,33.4,0.0,without
246,27.3,33.4,0.0,without
247,41.7,33.4,0.0,without
248,41.7,33.4,0.0,without
249,30.0,33.4,0.0,without
250,36.4,33.4,0.0,without
251,46.2,33.4,0.0,without
252,36.4,33.4,0.0,without
253,46.2,33.4,0.0,without
254,45.5,33.4,0.0,without
255,33.3,33.4,0.0,without
256,50.0,33.4,0.0,without
257,50.0,33.4,0.0,without
258,41.7,33.4,0.0,without
259,27.3,33.4,0.0,without
260,41.7,33.4,0.0,without
261,36.4,33.4,0.0,without
262,40.0,33.4,0.0,without
263,36.4,33.4,0.0,without
264,36.4,33.4,0.0,without
265,53.8,33.4,0.0,without
266,44.4,33.4,0.0,without
267,41.7,33.4,0.0,without
268,33.3,33.4,0.0,without
269,36.4,33.4,0.0,without
270,53.8,33.4,0.0,without
271,36.4,33.4,0.0,without
272,45.5,33.4,0.0,without
273,46.2,33.4,0.0,without
274,30.0,33.4,0.0,without
275,30.0,33.4,0.0,without
276,33.3,33.4,0.0,without
277,50.0,33.4,0.0,without
278,33.3,33.4,0.0,without
279,30.0,33.4,0.0,without
280,30.0,33.4,0.0,without
281,30.0,33.4,0.0,without
282,38.5,33.4,0.0,without
283,30.0,33.4,0.0,without
284,30.0,33.4,0.0,without
285,36.4,33.4,0.0,without
286,46.2,33.4,0.0,without
287,46.2,33.4,0.0,without
288,70.6,33.4,0.0,without
289,33.3,33.4,0.0,without
290,36.4,33.4,0.0,without
291,33.3,33.4,0.0,without
292,100.0,33.6,0.0,without
293,69.2,33.7,0.0,without
294,50.0,33.6,0.0,without
295,54.5,33.7,0.0,without
296,30.0,33.7,0.0,without
297,40.0,33.7,0.0,without
298,41.7,33.7,0.0,without
299,66.7,33.7,0.0,without
1,60.0,81.4,0.0,mining
2,80.0,81.4,42.14882813,mining
3,77.8,81.4,0.0,mining
4,84.6,81.4,31.83984375,mining
5,83.3,81.4,0.966601563,mining
6,75.0,81.4,4.408203125,mining
7,71.4,81.4,7.0265625,mining
8,60.0,81.4,0.0,mining
9,81.8,81.4,26.31640625,mining
10,77.8,81.4,3.590234375,mining
11,69.2,81.4,32.78007813,mining
12,70.0,81.4,0.0,mining
13,75.0,81.4,0.0,mining
14,77.8,81.4,21.48867188,mining
15,71.4,81.4,42.2921875,mining
16,71.4,81.4,3.032617188,mining
17,68.7,81.4,0.276171875,mining
18,50.0,81.4,0.0,mining
19,80.0,81.4,44.07675781,mining
20,81.8,81.4,11.43476563,mining
21,70.0,81.4,8.81640625,mining
22,80.0,81.4,7.164648438,mining
23,77.8,81.4,0.0,mining
24,66.7,81.4,0.0,mining
25,76.9,81.4,0.0,mining
26,70.0,81.4,70.93496094,mining
27,75.0,81.4,7.440820313,mining
28,68.8,81.4,23.42714844,mining
29,77.8,81.4,0.0,mining
30,70.0,81.4,10.73710938,mining
31,66.7,81.4,4.973046875,mining
32,76.9,81.4,0.0,mining
33,75.0,81.4,9.506835938,mining
34,75.0,81.4,15.29648438,mining
35,76.5,81.4,22.72617188,mining
36,66.7,81.4,43.93867188,mining
37,72.7,81.4,3.308789063,mining
38,77.8,81.4,8.678320313,mining
39,60.0,81.4,18.59414063,mining
40,81.8,81.4,0.0,mining
41,75.0,81.4,31.97792969,mining
42,70.0,81.4,0.0,mining
43,76.9,81.4,7.30859375,mining
44,69.2,81.4,0.0,mining
45,70.0,81.4,0.0,mining
46,90.0,81.4,38.71367188,mining
47,61.5,81.4,15.56679688,mining
48,71.4,81.4,0.0,mining
49,66.7,81.4,30.03417969,mining
50,62.5,81.4,7.175195313,mining
51,70.0,81.4,4.13203125,mining
52,55.6,81.4,0.0,mining
53,60.0,81.4,0.0,mining
54,90.9,81.4,55.36816406,mining
55,66.7,81.4,0.0,mining
56,72.7,81.4,0.0,mining
57,87.5,81.4,39.53046875,mining
58,77.8,81.4,0.0,mining
59,66.7,81.4,8.540234375,mining
60,81.8,81.4,15.71542969,mining
61,75.0,81.4,0.0,mining
62,63.6,81.4,38.85585938,mining
63,71.4,81.4,0.0,mining
64,83.3,81.4,36.65761719,mining
65,62.5,81.4,3.032617188,mining
66,66.7,81.4,22.32246094,mining
67,77.8,81.4,12.81035156,mining
68,69.2,81.4,11.98710938,mining
69,83.3,81.4,0.0,mining
70,66.7,81.4,20.11337891,mining
71,86.7,81.4,24.52714844,mining
72,73.3,81.4,24.24511719,mining
73,78.6,81.4,1.674609375,mining
74,72.7,81.4,3.861132813,mining
75,70.0,81.4,35.81269531,mining
76,66.7,81.4,10.74433594,mining
77,81.8,81.4,0.01171875,mining
78,90.9,81.4,27.27246094,mining
79,85.7,81.4,9.2359375,mining
80,70.0,81.4,12.53945313,mining
81,75.0,81.4,24.93554688,mining
82,75.0,81.4,22.3171875,mining
83,66.7,81.4,4.684375,mining
84,88.9,81.4,34.71328125,mining
85,63.6,81.4,0.55234375,mining
86,62.5,81.4,11.02578125,mining
87,72.7,81.4,9.506835938,mining
88,83.3,81.4,25.21171875,mining
89,76.9,81.4,27.134375,mining
90,71.4,81.4,0.0,mining
91,72.7,81.4,4.689648438,mining
92,77.8,81.4,0.0,mining
93,80.0,81.4,35.12226563,mining
94,72.7,81.4,6.7609375,mining
95,85.7,81.4,12.40195313,mining
96,70.0,81.4,1.1046875,mining
97,63.6,81.4,0.0,mining
98,81.8,81.4,35.40371094,mining
99,83.3,81.4,10.48398438,mining
100,66.7,81.4,0.0,mining
101,66.7,81.4,23.28378906,mining
102,66.7,81.4,39.66855469,mining
103,73.3,81.4,1.795117188,mining
104,85.7,81.4,10.05917969,mining
105,66.7,81.4,0.0,mining
106,77.8,81.4,0.0,mining
107,75.0,81.4,35.67460938,mining
108,80.0,81.5,49.47382813,mining
109,75.0,81.5,1.380859375,mining
110,76.9,81.5,19.69882813,mining
111,62.5,81.5,0.01171875,mining
112,63.6,81.5,7.722265625,mining
113,70.0,81.5,19.57177734,mining
114,73.3,81.4,31.54785156,mining
115,75.0,81.4,15.70488281,mining
116,84.6,81.5,0.01171875,mining
117,81.8,81.5,0.0,mining
118,80.0,81.5,40.22617188,mining
119,75.0,81.5,0.0,mining
120,81.8,81.5,7.440820313,mining
121,72.7,81.5,15.98105469,mining
122,64.3,81.5,19.28457031,mining
123,75.0,81.5,19.70410156,mining
124,77.8,81.5,6.059960938,mining
125,66.7,81.5,24.521875,mining
126,75.0,81.5,10.88242188,mining
127,81.8,81.5,25.7640625,mining
128,72.7,81.5,7.31328125,mining
129,66.7,81.5,17.52109375,mining
130,75.0,81.5,0.0,mining
131,85.7,81.5,32.80117188,mining
132,75.0,81.5,5.7890625,mining
133,76.9,81.5,31.54785156,mining
134,78.6,81.5,15.8640625,mining
135,70.0,81.5,10.90878906,mining
136,75.0,81.5,3.584960938,mining
137,55.6,81.5,2.89453125,mining
138,70.0,81.5,8.81640625,mining
139,69.2,81.5,23.14042969,mining
140,88.9,81.5,25.34980469,mining
141,66.7,81.5,12.9484375,mining
142,66.7,81.5,12.11992188,mining
143,66.7,81.5,15.56679688,mining
144,66.7,81.5,0.0,mining
145,80.0,81.5,0.0,mining
146,75.0,81.5,0.0,mining
147,75.0,81.5,66.53203125,mining
148,75.0,81.5,34.17148438,mining
149,72.7,81.5,0.276171875,mining
150,81.8,81.5,13.36269531,mining
151,70.0,81.5,18.73222656,mining
152,76.9,81.5,6.888476563,mining
153,76.9,81.5,9.506835938,mining
154,75.0,81.5,14.88222656,mining
155,69.2,81.5,9.78828125,mining
156,71.4,81.5,16.67148438,mining
157,70.0,81.5,0.0,mining
158,66.7,81.5,53.72695313,mining
159,70.0,81.5,0.0,mining
160,75.0,81.5,0.0,mining
161,66.7,81.5,19.15175781,mining
162,70.0,81.5,12.25800781,mining
163,70.0,81.5,0.0,mining
164,70.0,81.5,11.43476563,mining
165,85.7,81.5,16.11386719,mining
166,70.0,81.5,45.18144531,mining
167,81.8,81.5,6.631054688,mining
168,66.7,81.5,0.0,mining
169,76.9,81.5,14.60019531,mining
170,66.7,81.5,36.77402344,mining
171,69.2,81.5,0.0,mining
172,76.9,81.5,14.74941406,mining
173,66.7,81.5,0.828515625,mining
174,66.7,81.5,15.70488281,mining
175,80.0,81.5,41.45839844,mining
176,69.2,81.5,30.46015625,mining
177,66.7,81.5,1.795117188,mining
178,75.0,81.5,0.0,mining
179,81.8,81.5,0.0,mining
180,85.7,81.5,19.83691406,mining
181,62.5,81.5,0.0,mining
182,88.9,81.5,35.67460938,mining
183,66.7,81.5,46.71679688,mining
184,69.2,81.5,0.414257813,mining
185,70.0,81.5,10.74433594,mining
186,69.2,81.5,0.0,mining
187,66.7,81.5,12.13105469,mining
188,81.8,81.5,36.2375,mining
189,63.6,81.5,0.0,mining
190,71.4,81.5,0.0,mining
191,80.0,81.5,34.1609375,mining
192,80.0,81.5,9.092578125,mining
193,80.0,81.5,8.269335938,mining
194,77.8,81.5,18.87558594,mining
195,60.0,81.5,0.0,mining
196,75.0,81.5,24.66464844,mining
197,60.0,81.5,15.16308594,mining
198,66.7,81.5,19.29042969,mining
199,72.7,81.5,24.52128906,mining
200,75.0,81.5,0.0,mining
201,80.0,81.5,12.81035156,mining
202,80.0,81.5,13.50078125,mining
203,77.8,81.5,8.540234375,mining
204,76.9,81.5,11.29667969,mining
205,80.0,81.5,9.512109375,mining
206,70.0,81.5,0.0,mining
207,70.0,81.5,54.55546875,mining
208,75.0,81.5,0.0,mining
209,72.7,81.5,21.62675781,mining
210,76.9,81.5,10.88242188,mining
211,80.0,81.5,7.993164063,mining
212,66.7,81.5,12.57587891,mining
213,81.8,81.5,40.24257813,mining
214,81.8,81.5,0.0,mining
215,70.0,81.5,3.861132813,mining
216,62.5,81.5,0.0,mining
217,63.6,81.5,34.16289063,mining
218,85.7,81.5,4.95859375,mining
219,90.0,81.5,0.0,mining
220,72.7,81.5,19.28457031,mining
221,62.5,81.5,6.750390625,mining
222,70.0,81.5,26.86347656,mining
223,66.7,81.5,0.0,mining
224,70.0,81.5,22.04628906,mining
225,72.7,81.5,0.0,mining
226,63.6,81.5,0.0,mining
227,71.4,81.5,0.0,mining
228,80.0,81.6,34.98417969,mining
229,72.7,81.6,23.56054688,mining
230,77.8,81.6,0.009082031,mining
231,70.0,81.6,18.32324219,mining
232,85.7,81.6,0.0,mining
233,81.8,81.6,23.69277344,mining
234,57.1,81.6,0.0,mining
235,63.6,81.6,40.35898438,mining
236,75.0,81.6,0.0,mining
237,77.8,81.6,2.89453125,mining
238,75.0,81.6,28.78613281,mining
239,75.0,81.6,11.85488281,mining
240,75.0,81.6,24.10703125,mining
241,62.5,81.6,17.6328125,mining
242,85.7,81.6,28.33652344,mining
243,84.6,81.6,0.094921875,mining
244,86.7,81.6,4.908007813,mining
245,66.7,81.6,12.15166016,mining
246,66.7,81.6,0.0,mining
247,71.4,81.6,0.0,mining
248,70.0,81.6,39.53046875,mining
249,77.8,81.6,38.02792969,mining
250,57.1,81.6,0.966601563,mining
251,75.0,81.6,23.14570313,mining
252,71.4,81.6,0.0,mining
253,72.7,81.6,19.70410156,mining
254,66.7,81.6,18.04707031,mining
255,66.7,81.6,2.080957031,mining
256,70.0,81.6,12.81035156,mining
257,80.0,81.6,6.612304688,mining
258,78.6,81.6,0.0,mining
259,72.7,81.6,0.0,mining
260,83.3,81.6,0.0,mining
261,100.0,81.6,88.44462891,mining
262,73.3,81.6,0.0,mining
263,77.8,81.6,19.83691406,mining
264,75.0,81.6,2.899804688,mining
265,72.7,81.6,31.40976563,mining
266,55.6,81.6,0.0,mining
267,70.0,81.6,15.57734375,mining
268,87.5,81.6,0.0,mining
269,60.0,81.6,58.8203125,mining
270,83.3,81.6,1.933203125,mining
271,76.9,81.6,0.0,mining
272,78.6,81.6,16.94238281,mining
273,81.2,81.4,41.80742188,mining
274,66.7,81.4,10.26777344,mining
275,72.7,81.4,14.06484375,mining
276,75.0,81.4,10.16191406,mining
277,90.0,81.4,0.1765625,mining
278,91.7,81.4,0.005859375,mining
279,81.8,81.4,0.01171875,mining
280,78.6,81.4,0.018164063,mining
281,66.7,81.4,0.0,mining
282,70.0,81.4,0.0933443,mining
283,70.0,81.4,2.3254755,mining
284,77.8,81.4,0.0,mining
285,66.7,81.4,0.0,mining
286,72.7,81.4,0.0,mining
287,85.7,81.4,12.90877325,mining
288,71.4,81.4,3.876534224,mining
289,81.8,81.4,0.0,mining
290,77.8,81.4,0.0,mining
291,87.5,81.4,0.0,mining
292,77.8,81.4,4.897623264,mining
293,66.7,81.4,0.0,mining
294,84.6,81.4,0.0,mining
295,87.5,81.5,0.988344322,mining
296,75.0,81.5,0.0,mining
297,72.7,81.5,0.023433533,mining
298,70.0,81.5,0.0,mining
299,90.9,81.5,0.0,mining
